{"root_group":{"checks":[{"fails":0,"name":"status 200","path":"::status 200","id":"fad9fa412b86fcb03bee97c80dcd61f1","passes":227910},{"path":"::has body","id":"28dd0656b9726bb64162042fc8e01a34","passes":227910,"fails":0,"name":"has body"}],"name":"","path":"","id":"d41d8cd98f00b204e9800998ecf8427e","groups":[]},"options":{"summaryTrendStats":["min","avg","med","p(90)","p(95)","p(99)","max"],"summaryTimeUnit":"","noColor":false},"state":{"isStdOutTTY":false,"isStdErrTTY":false,"testRunDurationMs":300057.522397},"metrics":{"http_req_duration{expected_response:true}":{"type":"trend","contains":"time","values":{"p(99)":72.15417430999999,"max":295.094704,"min":0.973529,"avg":14.640810130384692,"med":9.078464499999999,"p(90)":34.09356500000001,"p(95)":44.87063}},"http_req_sending":{"type":"trend","contains":"time","values":{"p(95)":0.102961,"p(99)":0.45843319999999976,"max":66.338897,"min":0.00532,"avg":0.04086249090870194,"med":0.01152,"p(90)":0.0236}},"data_sent":{"type":"counter","contains":"data","values":{"count":26437560,"rate":88108.30599681151}},"iterations":{"contains":"default","values":{"count":227910,"rate":759.5543620414785},"type":"counter"},"http_req_receiving":{"type":"trend","contains":"time","values":{"min":0.01424,"avg":0.08026645700496665,"med":0.03936,"p(90)":0.183041,"p(95)":0.213322,"p(99)":0.40991679999999986,"max":66.244296}},"sheet_get_errors":{"type":"rate","contains":"default","values":{"rate":0,"passes":0,"fails":227910},"thresholds":{"rate<0.01":{"ok":true}}},"sheet_get_latency_ms":{"type":"trend","contains":"time","values":{"p(95)":45,"p(99)":72,"max":305,"min":1,"avg":14.726308630599798,"med":9,"p(90)":34},"thresholds":{"p(95)<2000":{"ok":true}}},"http_req_connecting":{"values":{"min":0,"avg":0.0016713007239699883,"med":0,"p(90)":0,"p(95)":0,"p(99)":0,"max":8.951044},"type":"trend","contains":"time"},"http_req_tls_handshaking":{"values":{"p(90)":0,"p(95)":0,"p(99)":0,"max":0,"min":0,"avg":0,"med":0},"type":"trend","contains":"time"},"http_req_failed":{"type":"rate","contains":"default","values":{"rate":0,"passes":0,"fails":227910}},"http_req_duration":{"type":"trend","contains":"time","values":{"min":0.973529,"avg":14.640810130384692,"med":9.078464499999999,"p(90)":34.09356500000001,"p(95)":44.87063,"p(99)":72.15417430999999,"max":295.094704}},"iteration_duration":{"type":"trend","contains":"time","values":{"min":51.200036,"avg":65.7950489333474,"med":60.171139999999994,"p(90)":85.74821390000001,"p(95)":96.90720744999999,"p(99)":124.4772586,"max":356.878119}},"http_reqs":{"values":{"rate":759.5543620414785,"count":227910},"type":"counter","contains":"default"},"http_req_waiting":{"type":"trend","contains":"time","values":{"p(99)":71.96087019999999,"max":293.391489,"min":0.899048,"avg":14.519681182470885,"med":8.963623,"p(90)":33.9666,"p(95)":44.688757}},"data_received":{"type":"counter","contains":"data","values":{"count":548595199,"rate":1828300.1026522003}},"http_req_blocked":{"type":"trend","contains":"time","values":{"min":0.00192,"avg":0.008680862717743026,"med":0.004121,"p(90)":0.00536,"p(95)":0.00636,"p(99)":0.03187739999999992,"max":25.100993}},"vus":{"type":"gauge","contains":"default","values":{"min":50,"max":50,"value":50}},"checks":{"type":"rate","contains":"default","values":{"rate":1,"passes":455820,"fails":0}},"vus_max":{"values":{"value":50,"min":50,"max":50},"type":"gauge","contains":"default"}}}