{"state":{"isStdOutTTY":false,"isStdErrTTY":false,"testRunDurationMs":300062.648252},"metrics":{"http_req_sending":{"type":"trend","contains":"time","values":{"p(99)":0.9522793999999997,"max":67.76175,"min":0.00672,"avg":0.0692607239193491,"med":0.01456,"p(90)":0.100561,"p(95)":0.218362}},"vus_max":{"type":"gauge","contains":"default","values":{"value":50,"min":50,"max":50}},"vus":{"type":"gauge","contains":"default","values":{"value":50,"min":50,"max":50}},"name_update_latency_ms":{"type":"trend","contains":"time","values":{"min":1,"avg":11.034836362732383,"med":6,"p(90)":26,"p(95)":37,"p(99)":63,"max":383},"thresholds":{"p(95)<2000":{"ok":true}}},"http_req_blocked":{"type":"trend","contains":"time","values":{"p(99)":0.06969175999999896,"max":19.070378,"min":0.002,"avg":0.009948103796455656,"med":0.004121,"p(90)":0.00544,"p(95)":0.0066}},"http_req_duration":{"contains":"time","values":{"avg":10.918087189230146,"med":6.138817,"p(90)":26.033378000000006,"p(95)":36.58359599999996,"p(99)":62.65012599999999,"max":364.294908,"min":1.015689},"type":"trend"},"http_req_failed":{"contains":"default","values":{"rate":0,"passes":0,"fails":241357},"type":"rate"},"iteration_duration":{"type":"trend","contains":"time","values":{"p(99)":115.74518055999998,"max":432.776145,"min":51.234956,"avg":62.12805231932838,"med":57.241412,"p(90)":77.925556,"p(95)":88.62187999999996}},"http_req_duration{expected_response:true}":{"type":"trend","contains":"time","values":{"min":1.015689,"avg":10.918087189230146,"med":6.138817,"p(90)":26.033378000000006,"p(95)":36.58359599999996,"p(99)":62.65012599999999,"max":364.294908}},"http_req_connecting":{"type":"trend","contains":"time","values":{"min":0,"avg":0.0014019754554456673,"med":0,"p(90)":0,"p(95)":0,"p(99)":0,"max":10.548058}},"http_req_tls_handshaking":{"type":"trend","contains":"time","values":{"min":0,"avg":0,"med":0,"p(90)":0,"p(95)":0,"p(99)":0,"max":0}},"checks":{"values":{"rate":1,"passes":241357,"fails":0},"type":"rate","contains":"default"},"data_sent":{"type":"counter","contains":"data","values":{"count":48777284,"rate":162557.00029360416}},"http_req_waiting":{"type":"trend","contains":"time","values":{"avg":10.768009826323803,"med":5.990856,"p(90)":25.861864400000005,"p(95)":36.379962799999994,"p(99)":62.248320959999994,"max":362.853535,"min":0.914049}},"name_update_errors":{"values":{"rate":0,"passes":0,"fails":241357},"thresholds":{"rate<0.01":{"ok":true}},"type":"rate","contains":"default"},"http_reqs":{"type":"counter","contains":"default","values":{"rate":804.3553618086529,"count":241357}},"data_received":{"values":{"count":59132465,"rate":197067.06364311997},"type":"counter","contains":"data"},"iterations":{"contains":"default","values":{"count":241357,"rate":804.3553618086529},"type":"counter"},"http_req_receiving":{"type":"trend","contains":"time","values":{"p(95)":0.2526822,"p(99)":0.649406,"max":52.70909,"min":0.01256,"avg":0.08081663898706962,"med":0.035,"p(90)":0.200122}}},"root_group":{"checks":[{"name":"status 200","path":"::status 200","id":"fad9fa412b86fcb03bee97c80dcd61f1","passes":241357,"fails":0}],"name":"","path":"","id":"d41d8cd98f00b204e9800998ecf8427e","groups":[]},"options":{"summaryTrendStats":["min","avg","med","p(90)","p(95)","p(99)","max"],"summaryTimeUnit":"","noColor":false}}