{"metrics":{"search_latency_ms":{"type":"trend","contains":"time","values":{"p(99)":43,"max":133,"min":0,"avg":5.9191639108909015,"med":3,"p(90)":15,"p(95)":23},"thresholds":{"p(95)<2000":{"ok":true}}},"http_req_receiving":{"type":"trend","contains":"time","values":{"avg":0.07688825342910294,"med":0.037801,"p(90)":0.186522,"p(95)":0.23056249999999998,"p(99)":0.497805,"max":45.041259,"min":0.01232}},"http_req_duration{expected_response:true}":{"type":"trend","contains":"time","values":{"p(90)":14.712377,"p(95)":22.579809999999974,"p(99)":42.384042099999995,"max":132.899796,"min":0.771487,"avg":5.825843116935791,"med":2.457303}},"http_req_connecting":{"type":"trend","contains":"time","values":{"p(95)":0,"p(99)":0,"max":19.190018,"min":0,"avg":0.0009704577239375581,"med":0,"p(90)":0}},"vus":{"type":"gauge","contains":"default","values":{"value":50,"min":50,"max":50}},"http_reqs":{"type":"counter","contains":"default","values":{"count":263991,"rate":879.7550961113075}},"http_req_blocked":{"type":"trend","contains":"time","values":{"p(90)":0.005601,"p(95)":0.00736,"p(99)":0.091921,"max":30.890728,"min":0.00184,"avg":0.008550292763772007,"med":0.00412}},"http_req_tls_handshaking":{"type":"trend","contains":"time","values":{"max":0,"min":0,"avg":0,"med":0,"p(90)":0,"p(95)":0,"p(99)":0}},"data_received":{"type":"counter","contains":"data","values":{"count":74445462,"rate":248090.9371033887}},"iteration_duration":{"type":"trend","contains":"time","values":{"min":50.939874,"avg":56.80173785221404,"med":53.231055,"p(90)":66.306377,"p(95)":74.80309599999998,"p(99)":96.037598,"max":185.367925}},"vus_max":{"type":"gauge","contains":"default","values":{"max":50,"value":50,"min":50}},"http_req_waiting":{"type":"trend","contains":"time","values":{"med":2.347381,"p(90)":14.580536,"p(95)":22.453568999999998,"p(99)":42.16931999999998,"max":132.849676,"min":0.718447,"avg":5.707098627032786}},"data_sent":{"type":"counter","contains":"data","values":{"count":26964366,"rate":89859.26945202856}},"http_req_failed":{"type":"rate","contains":"default","values":{"fails":263991,"rate":0,"passes":0}},"iterations":{"type":"counter","contains":"default","values":{"count":263991,"rate":879.7550961113075}},"http_req_sending":{"type":"trend","contains":"time","values":{"p(99)":0.49013609999999974,"max":60.716885,"min":0.0052,"avg":0.041856236473980596,"med":0.01208,"p(90)":0.03028,"p(95)":0.132841}},"http_req_duration":{"type":"trend","contains":"time","values":{"max":132.899796,"min":0.771487,"avg":5.825843116935791,"med":2.457303,"p(90)":14.712377,"p(95)":22.579809999999974,"p(99)":42.384042099999995}},"checks":{"contains":"default","values":{"rate":1,"passes":263991,"fails":0},"type":"rate"},"search_errors":{"type":"rate","contains":"default","values":{"rate":0,"passes":0,"fails":263991},"thresholds":{"rate<0.01":{"ok":true}}}},"root_group":{"name":"","path":"","id":"d41d8cd98f00b204e9800998ecf8427e","groups":[],"checks":[{"name":"status 200","path":"::status 200","id":"fad9fa412b86fcb03bee97c80dcd61f1","passes":263991,"fails":0}]},"options":{"summaryTrendStats":["min","avg","med","p(90)","p(95)","p(99)","max"],"summaryTimeUnit":"","noColor":false},"state":{"isStdOutTTY":false,"isStdErrTTY":false,"testRunDurationMs":300073.283084}}