{"metrics":{"vus_max":{"type":"gauge","contains":"default","values":{"value":50,"min":50,"max":50}},"http_req_duration":{"type":"trend","contains":"time","values":{"min":0.773288,"avg":7.031903428709183,"med":3.17059,"p(90)":17.486763,"p(95)":25.324075999999994,"p(99)":45.50697899999996,"max":328.320013}},"http_req_duration{expected_response:true}":{"type":"trend","contains":"time","values":{"med":3.17059,"p(90)":17.486763,"p(95)":25.324075999999994,"p(99)":45.50697899999996,"max":328.320013,"min":0.773288,"avg":7.031903428709183}},"http_req_blocked":{"type":"trend","contains":"time","values":{"avg":0.009251059657257431,"med":0.00412,"p(90)":0.00544,"p(95)":0.00652,"p(99)":0.042164099999999906,"max":64.169197,"min":0.00184}},"vus":{"contains":"default","values":{"max":50,"value":50,"min":50},"type":"gauge"},"http_reqs":{"type":"counter","contains":"default","values":{"count":258091,"rate":860.1501420352218}},"checks":{"type":"rate","contains":"default","values":{"passes":516182,"fails":0,"rate":1}},"sheet_get_errors":{"type":"rate","contains":"default","values":{"passes":0,"fails":258091,"rate":0},"thresholds":{"rate<0.01":{"ok":true}}},"data_sent":{"values":{"count":29938556,"rate":99777.41647608574},"type":"counter","contains":"data"},"http_req_waiting":{"type":"trend","contains":"time","values":{"p(99)":45.243837,"max":328.036691,"min":0.726286,"avg":6.906245632245926,"med":3.054469,"p(90)":17.345961,"p(95)":25.15291399999999}},"data_received":{"contains":"data","values":{"count":621417841,"rate":2071023.9574389302},"type":"counter"},"iterations":{"type":"counter","contains":"default","values":{"count":258091,"rate":860.1501420352218}},"http_req_tls_handshaking":{"type":"trend","contains":"time","values":{"p(90)":0,"p(95)":0,"p(99)":0,"max":0,"min":0,"avg":0,"med":0}},"http_req_connecting":{"contains":"time","values":{"p(90)":0,"p(95)":0,"p(99)":0,"max":9.361447,"min":0,"avg":0.00022581144247571598,"med":0},"type":"trend"},"http_req_sending":{"type":"trend","contains":"time","values":{"p(95)":0.12488149999999999,"p(99)":0.5003759999999997,"max":49.53326,"min":0.00532,"avg":0.04143244343662773,"med":0.01156,"p(90)":0.02668}},"http_req_receiving":{"type":"trend","contains":"time","values":{"min":0.01432,"avg":0.08422535302665242,"med":0.039,"p(90)":0.190082,"p(95)":0.228642,"p(99)":0.5021049999999996,"max":66.403937}},"http_req_failed":{"values":{"rate":0,"passes":0,"fails":258091},"type":"rate","contains":"default"},"iteration_duration":{"type":"trend","contains":"time","values":{"p(90)":69.110402,"p(95)":77.6469425,"p(99)":99.71320699999998,"max":388.492693,"min":50.988154,"avg":58.09523185759745,"med":54.042183}},"sheet_get_latency_ms":{"type":"trend","contains":"time","values":{"p(99)":46,"max":339,"min":0,"avg":7.120480760661937,"med":3,"p(90)":18,"p(95)":25},"thresholds":{"p(95)<2000":{"ok":true}}}},"root_group":{"name":"","path":"","id":"d41d8cd98f00b204e9800998ecf8427e","groups":[],"checks":[{"name":"status 200","path":"::status 200","id":"fad9fa412b86fcb03bee97c80dcd61f1","passes":258091,"fails":0},{"passes":258091,"fails":0,"name":"has body","path":"::has body","id":"28dd0656b9726bb64162042fc8e01a34"}]},"options":{"summaryTimeUnit":"","noColor":false,"summaryTrendStats":["min","avg","med","p(90)","p(95)","p(99)","max"]},"state":{"isStdErrTTY":false,"testRunDurationMs":300053.429497,"isStdOutTTY":false}}