{"state":{"isStdOutTTY":false,"isStdErrTTY":false,"testRunDurationMs":300078.4162},"metrics":{"checks":{"type":"rate","contains":"default","values":{"rate":1,"passes":222833,"fails":0}},"vus":{"type":"gauge","contains":"default","values":{"value":50,"min":50,"max":50}},"data_sent":{"type":"counter","contains":"data","values":{"count":44365583,"rate":147846.63142993487}},"data_received":{"type":"counter","contains":"data","values":{"count":54594085,"rate":181932.7284226049}},"http_req_duration{expected_response:true}":{"type":"trend","contains":"time","values":{"avg":15.896118181575385,"med":9.566889,"p(90)":29.545699000000003,"p(95)":39.54688739999999,"p(99)":93.88022659999997,"max":1894.452259,"min":1.484054}},"http_req_failed":{"type":"rate","contains":"default","values":{"passes":0,"fails":222833,"rate":0}},"http_req_connecting":{"type":"trend","contains":"time","values":{"p(99)":0,"max":17.451203,"min":0,"avg":0.0018621978746415479,"med":0,"p(90)":0,"p(95)":0}},"http_req_tls_handshaking":{"type":"trend","contains":"time","values":{"min":0,"avg":0,"med":0,"p(90)":0,"p(95)":0,"p(99)":0,"max":0}},"http_req_sending":{"values":{"min":0.00676,"avg":0.09325245013978735,"med":0.0148,"p(90)":0.134281,"p(95)":0.303363,"p(99)":1.3964177999999994,"max":75.578863},"type":"trend","contains":"time"},"iterations":{"type":"counter","contains":"default","values":{"count":222833,"rate":742.5825649902241}},"http_req_blocked":{"values":{"med":0.0042,"p(90)":0.00552,"p(95)":0.00652,"p(99)":0.04634879999999968,"max":23.215576,"min":0.00188,"avg":0.010256752357150978},"type":"trend","contains":"time"},"http_reqs":{"type":"counter","contains":"default","values":{"count":222833,"rate":742.5825649902241}},"vus_max":{"contains":"default","values":{"value":50,"min":50,"max":50},"type":"gauge"},"name_update_latency_ms":{"thresholds":{"p(95)<2000":{"ok":true}},"type":"trend","contains":"time","values":{"min":1,"avg":16.018803319077517,"med":10,"p(90)":30,"p(95)":40,"p(99)":94,"max":1894}},"http_req_receiving":{"type":"trend","contains":"time","values":{"p(95)":0.2686824,"p(99)":0.7537685999999998,"max":50.026905,"min":0.01228,"avg":0.0908856711752803,"med":0.03936,"p(90)":0.212482}},"iteration_duration":{"contains":"time","values":{"avg":67.29478112828453,"med":60.795445,"p(90)":81.734912,"p(95)":92.57160499999999,"p(99)":148.42015027999986,"max":1944.687886,"min":51.786802},"type":"trend"},"name_update_errors":{"type":"rate","contains":"default","values":{"rate":0,"passes":0,"fails":222833},"thresholds":{"rate<0.01":{"ok":true}}},"http_req_duration":{"type":"trend","contains":"time","values":{"min":1.484054,"avg":15.896118181575385,"med":9.566889,"p(90)":29.545699000000003,"p(95)":39.54688739999999,"p(99)":93.88022659999997,"max":1894.452259}},"http_req_waiting":{"type":"trend","contains":"time","values":{"avg":15.711980060260737,"med":9.392767,"p(90)":29.269080000000002,"p(95)":39.26535699999999,"p(99)":93.64565339999986,"max":1894.395538,"min":1.438893}}},"root_group":{"path":"","id":"d41d8cd98f00b204e9800998ecf8427e","groups":[],"checks":[{"fails":0,"name":"status 200","path":"::status 200","id":"fad9fa412b86fcb03bee97c80dcd61f1","passes":222833}],"name":""},"options":{"summaryTrendStats":["min","avg","med","p(90)","p(95)","p(99)","max"],"summaryTimeUnit":"","noColor":false}}