{"root_group":{"checks":[{"passes":271166,"fails":0,"name":"status 200","path":"::status 200","id":"fad9fa412b86fcb03bee97c80dcd61f1"}],"name":"","path":"","id":"d41d8cd98f00b204e9800998ecf8427e","groups":[]},"options":{"summaryTimeUnit":"","noColor":false,"summaryTrendStats":["min","avg","med","p(90)","p(95)","p(99)","max"]},"state":{"isStdErrTTY":false,"testRunDurationMs":300060.427165,"isStdOutTTY":false},"metrics":{"http_req_receiving":{"type":"trend","contains":"time","values":{"med":0.03688,"p(90)":0.1894015,"p(95)":0.244802,"p(99)":0.7073949999999998,"max":64.163837,"min":0.01268,"avg":0.08456516548535396}},"http_req_connecting":{"type":"trend","contains":"time","values":{"max":13.643767,"min":0,"avg":0.000516391973920034,"med":0,"p(90)":0,"p(95)":0,"p(99)":0}},"http_req_sending":{"type":"trend","contains":"time","values":{"med":0.012,"p(90)":0.03952050000000001,"p(95)":0.15488174999999998,"p(99)":0.6478359999999995,"max":80.066225,"min":0.0054,"avg":0.04969368877367824}},"http_req_failed":{"type":"rate","contains":"default","values":{"rate":0,"passes":0,"fails":271166}},"search_latency_ms":{"contains":"time","values":{"max":203,"min":0,"avg":4.375873081433513,"med":2,"p(90)":10,"p(95)":16,"p(99)":32},"thresholds":{"p(95)<2000":{"ok":true}},"type":"trend"},"http_req_duration":{"contains":"time","values":{"avg":4.280651291824946,"med":1.956498,"p(90)":10.323716000000006,"p(95)":15.920567999999998,"p(99)":31.589249999999947,"max":191.120378,"min":0.628246},"type":"trend"},"checks":{"contains":"default","values":{"rate":1,"passes":271166,"fails":0},"type":"rate"},"data_sent":{"type":"counter","contains":"data","values":{"count":26884310,"rate":89596.31982799454}},"vus_max":{"values":{"value":50,"min":50,"max":50},"type":"gauge","contains":"default"},"iterations":{"type":"counter","contains":"default","values":{"count":271166,"rate":903.7046389688992}},"http_req_tls_handshaking":{"contains":"time","values":{"min":0,"avg":0,"med":0,"p(90)":0,"p(95)":0,"p(99)":0,"max":0},"type":"trend"},"search_errors":{"type":"rate","contains":"default","values":{"rate":0,"passes":0,"fails":271166},"thresholds":{"rate<0.01":{"ok":true}}},"http_req_waiting":{"type":"trend","contains":"time","values":{"p(90)":10.153595000000001,"p(95)":15.723716749999992,"p(99)":31.189175999999982,"max":189.286562,"min":0.560685,"avg":4.146392437565914,"med":1.834717}},"iteration_duration":{"type":"trend","contains":"time","values":{"p(90)":62.039017,"p(95)":68.21506475,"p(99)":87.024642,"max":256.955951,"min":50.799113,"avg":55.29420556229001,"med":52.7016905}},"http_req_blocked":{"type":"trend","contains":"time","values":{"max":16.157231,"min":0.0018,"avg":0.009548991639812047,"med":0.00408,"p(90)":0.0056,"p(95)":0.0072702499999995306,"p(99)":0.091641}},"http_req_duration{expected_response:true}":{"contains":"time","values":{"p(99)":31.589249999999947,"max":191.120378,"min":0.628246,"avg":4.280651291824946,"med":1.956498,"p(90)":10.323716000000006,"p(95)":15.920567999999998},"type":"trend"},"vus":{"type":"gauge","contains":"default","values":{"value":50,"min":50,"max":50}},"data_received":{"type":"counter","contains":"data","values":{"rate":254844.70818922957,"count":76468812}},"http_reqs":{"type":"counter","contains":"default","values":{"count":271166,"rate":903.7046389688992}}}}